No,Op,Nr,Songcycle,Ko_songcycle,Title,Ko_Title,Composer,볼프강 아마데우스 모차르트,Composer_birth,Composer_death,Lyricist,Ko_lyricist,Lyricist_birth,Lyticist_death,Friedrich Rückert ,1_Ko_poet,1_Poet_birth,1_Poet_death,2_Original Poet,2_Ko_poet,2_Poet_birt,2_Poet_death,Lyrics,Ko_lyrics
1,Op.46,,,,Adelaide,아델라이데,Ludwig van Beethoven,루드비히 판 베토벤,1770,1827,,,,,Friedrich von Matthisson,프리드리히 폰 마티손,1761,1831,,,,,"Einsam wandelt dein Freund im Frühlingsgarten,
Mild vom lieblichen Zauberlicht umflossen,
Das durch wankende Blütenzweige zittert,
Adelaide!

In der spiegelnden Flut, im Schnee der Alpen,
In des sinkenden Tages Goldgewölken,
Im Gefilde der Sterne strahlt dein Bildnis,
Adelaide!

Abendlüfte im zarten Laube flüstern,
Silberglöckchen des Mais im Grase säuseln,
Wellen rauschen und Nachtigallen flöten:
Adelaide!

Einst, o Wunder! entblüht auf meinem Grabe
Eine Blume der Asche meines Herzens;
Deutlich schimmert auf jedem Purpurblättchen:
Adelaide!","그대의 벗 홀로 봄날의 정원을 거니는데,
하늘거리는 꽃가지에 떨리는 마법의 빛,
그 사랑스러운 빛으로 온화하게 둘러싸인 채.
아델라이데!

비치는 물결의 거울 속에, 알프스의 잔설 속에
내리 깔리는 하루, 금빛 적운의 무리 속에
별들의 그 광야 속에, 그대의 모습 빛을 발하고,
아델라이데!

여린 나뭇잎 저녁 미풍에 서걱이고, 
옥수수 은빛 방울방울 초지 가운데 산들리고, 
물결 솨아거리고, 꾀꼬리들 피리소리 노래하는데,
아델라이데!

언젠가 오 기적처럼! 무덤 위, 
사랑으로 탄 마음의 재에서 꽃 한송이 피어나리,
그 보라빛 꽃잎새마다 아련한 광택 비춰나리,
아델라이데!"
2,Op.32,9,,,"Wie bist du, meine Königin",여왕님은 그 얼마나 기쁨이 가득하신지,Johannes Brahms,요하네스 브람스,1833,1897,Georg Friedrich Daumer,게오르크 프리드리히 다우머,1800,1875,Hafis (Mohammed Schemsed-din),하피스,1327,1390,,,,,"Wie bist du, meine Königin,
Durch sanfte Güte wonnevoll!
Du lächle nur, Lenzdüfte wehn
Durch mein Gemüte, wonnevoll!

Frisch aufgeblühter Rosen Glanz,
Vergleich ich ihn dem deinigen?
Ach, über alles, was da blüht,
Ist deine Blüte wonnevoll!

Durch tote Wüsten wandle hin,
Und grüne Schatten breiten sich,
Ob fürchterliche Schwüle dort
Ohn Ende brüte, wonnevoll!

Laß mich vergehn in deinem Arm!
Es ist ihm ja selbst der Tod,
Ob auch die herbste Todesqual
Die Brust durchwüte, wonnevoll!","여왕님은 그 얼마나 기쁨이 가득하신지!
온후하고 자애로운 나의 여왕님은!
그저 웃기만 하셔도 봄바람 불어
내 온 맘은 희락이구나!

막 피어난 장미빛인들
당신의 광채에 비기리,
꽃 피는 모든 것보다 나으니 
당신의 피어남이 희락이구나!

죽음의 광야를 거니신대도 
녹빛의 그늘 펼쳐지리니
그 지독한 혹서도
끝없는 열기마저 희락이구나!

당신 품 속에서 죽게 해 주오
제 아무리 쓰디쓴 사멸의 고통
가슴 속 날뛰어도, 그대, 죽음마저
그에게는 희락이구나!"
3,Op.43,1,,,Von ewiger Liebe,영원한 사랑에 대하여,Johannes Brahms,요하네스 브람스,1833,1897,,,,,Josef Wenzig,요제프 벤치히,1807,1876,,,,,"Dunkel, wie dunkel in Wald und in Feld!
Abend schon ist es, nun schweiget die Welt.
Nirgend noch Licht und nirgend noch Rauch,
Ja, und die Lerche sie schweiget nun auch.

Kommt aus dem Dorfe der Bursche heraus,
Gibt das Geleit der Geliebten nach Haus,
Führt sie am Weidengebüsche vorbei,
Redet so viel und so mancherlei:

»Leidest du Schmach und betrübest du dich,
Leidest du Schmach von andern um mich,
Werde die Liebe getrennt so geschwind,
Schnell wie wir früher vereiniget sind.
Scheide mit Regen und scheide mit Wind,
Schnell wie wir früher vereiniget sind.«

Spricht das Mägdelein, Mägdelein spricht:
»Unsere Liebe sie trennet sich nicht!
Fest ist der Stahl und das Eisen gar sehr,
Unsere Liebe ist fester noch mehr.

Eisen und Stahl, man schmiedet sie um,
Unsere Liebe, wer wandelt sie um?
Eisen und Stahl, sie können zergehn,
Unsere Liebe muß ewig bestehn!«","어둡구나 그리도 어둡구나, 숲 속과 들판, 
벌써 저녁이 되고 이제 세계는 침묵
어디에도 빛이, 아무데도 연기도 없어, 
그래, 종달새 그마저도 지금은 소리 없구나.

마을 밖으로 젊은이 하나 빠져 나온다.
그의 사랑하는 여인을 데리고 집으로,
버들 길가로 그녀를 이끌어 가며
가지가지 할 말이 많기도 많아 –

“네가 수치를 당하여 슬프게 된다면, 
나 때문에 네가 다른 이에게 수치를 받는다면,
사랑은 차라리 급히 갈라져 버리는 게 좋아,
우리가 전에 그토록 금세 연합되었듯이
비와, 바람과 함께 헤어지게 되었으면 해,
우리가 전에 그토록 금세 연합되었듯이.”

말한다, 소녀, 소녀가 말한다.
“우리의 사랑은 나뉘지 않아,
쇠붙이는 단단하고 강철은 더 하지만,
우리의 사랑은 그 보다도 훨씬 단단해. 

철과 쇠는 에둘러 연단해야 쓰지만, 
우리의 사랑, 그걸 누가 변케 하겠어?
철과 쇠는 닳아 없어지겠지만, 
우리의 사랑은 영원히 살아 남을거야!”"
4,Op.43,2,,,Die Mainacht,오월밤,Johannes Brahms,요하네스 브람스,1833,1897,,,,,Ludwig Heinrich Christoph Hölty,루드비히 하인리히 크리스토프 횔티,1748,1776,,,,,"Wann der silberne Mond durch die Gesträuche blinkt,
Und sein schlummerndes Licht über den Rasen streut,
  Und die Nachtigall flötet,
    Wandl' ich traurig von Busch zu Busch.

Überhüllet von Laub girret ein Taubenpaar
Sein Entzücken mir vor; aber ich wende mich,
  Suche dunklere Schatten,
    Und die einsame Thräne rinnt.

Wann, o lächelndes Bild, welches wie Morgenrot
Durch die Seele mir strahlt, find' ich auf Erden dich?
  Und die einsame Thräne
    Bebt mir heißer die Wang' herab!","은빛 달빛 덤불 뚫고 반짝일 때면
아른대는 빛 풀섶 위로 흩뿌릴 때면
  밤꾀꼬리 피리 소리 슬퍼 – 
    수풀, 수풀 나는 거니네.

잎사귀 가려진 곳 비둘기 한 쌍
기뻐 구구 소리 – 나는 고개 돌리네
  더 어둔 그늘 찾아 들어
    흘리느니 외로운 눈물이라네.

아침놀처럼 내 영혼 꿰뚫어 비취던, 오 미소 짓는 
모습이여, 내 언제나 그대를 볼 수 있으리
  외로움의 눈물
    뜨거운 빰 흔들며 내려 가네"
5,Op.59,8,,,Dein blaues Auge,그대의 푸른 눈,Johannes Brahms,요하네스 브람스,1833,1897,,,,,Klaus Groth,클라우스 그로트,1819,1899,,,,,"Dein blaues Auge hält so still,
Ich blicke bis zum Grund.
Du fragst mich, was ich sehen will? 
Ich sehe mich gesund. 

Es brannte mich ein glühend Paar,
Noch schmerzt das Nachgefühl;
Das deine ist wie See so klar
Und wie ein See so kühl.","그대의 푸른 눈동자 고요히 멈춰 있어
나는 그 심연까지 들여다 봅니다 
무얼 보려는 거에요? 그대 물으면
나는 온전해지는 내 모습을 보고 있지요.

언젠가 한 쌍의 불꽃 내 마음을 불태웠고
그 여남은 고통이 아직도 아파 오는데, 
그대의 눈은 호수처럼 그리 맑고
호수처럼 그렇게 서늘하군요."
6,Op.86,2,,,Feldeinsamkeit,들녘의 고독,Johannes Brahms,요하네스 브람스,1833,1897,,,,,Hermann Allmers,헤르만 알머스,1821,1902,,,,,"Ich ruhe still im hohen grünen Gras
Und sende lange meinen Blick nach oben,
Von Grillen rings umschwirrt ohn Unterlaß,
Von Himmelsbläue wundersam umwoben.

Die schönen weiße Wolken ziehn dahin
Durchs tiefe Blau, wie schöne stille Träume;
Mir ist, als ob ich längst gestorben bin
Und ziehe selig mit durch ew'ge Räume.","언덕배기 푸른 잔디에 누워 고요히 쉰다,
저 위로 내 시선을 기일게 보내며, 
귀뚜리 주위를 둘러 그침 없이 또르르 
창공의 길쌈하는 푸르른 손길, 기이하다

아름다운 하이얀 구름은 저리로 떠 간다
깊은 푸르름을 지나 아름다운 묵언의 꿈처럼, 
마치 오래 전에 죽은 듯한 기분으로 
영원의 공간들을 지나 나도 함께 가리라"
7,Op.105,1,,,Wie Melodien zieht es,멜로디처럼 흘러옵니다,Johannes Brahms,요하네스 브람스,1833,1897,,,,,Klaus Groth,클라우스 그로트,1819,1899,,,,,"Wie Melodien zieht es
Mir leise durch den Sinn,
Wie Frühlingsblumen blüht es,
Und schwebt wie Duft dahin.

Doch kommt das Wort und faßt es
Und führt es vor das Aug',
Wie Nebelgrau erblaßt es
Und schwindet wie ein Hauch.

Und dennoch ruht im Reime
Verborgen wohl ein Duft,
Den mild aus stillem Keime
Ein feuchtes Auge ruft.","멜로디처럼 흘러옵니다
은은히 내 감각 속으로
붐의 꽃 같이 피어납니다
저리로 떠돕니다, 향기처럼요. 

하지만 말이 다가와서 붙잡으면
눈 앞에다 끌어다 놓으면
잿빛 안개처럼 창백합니다
사그라듭니다, 한 모금 숨결로요.

그래도 운과 율 속엔 향기 하나
잘도 숨어 쉬고 있어
젖은 싹눈 고요한 떡잎에서 틔어 나오면
상냥하게 그 향기 불러 내지요."
8,Op.105,2,,,Immer leiser wird mein Schlummer,내 졸음은 점점 엷어져 가고,Johannes Brahms,요하네스 브람스,1833,1897,,,,,Hermann von Lingg,헤르만 폰 링,1820,1905,,,,,"Immer leiser wird mein Schlummer,
Nur wie Schleier liegt mein Kummer
  Zitternd über mir.
Oft im Traume hör' ich dich
Rufen drauß vor meiner Tür:
Niemand wacht und öffnet dir,
  Ich erwach' und weine bitterlich.

Ja, ich werde sterben müssen,
Eine Andre wirst du küssen,
  Wenn ich bleich und kalt.
Eh' die Maienlüfte wehn,
Eh' die Drossel singt im Wald:
Willst du mich noch einmal sehn,
  Komm, o komme bald!","내 졸음은 점점 더 엷어져 가고 
내 시름만이 베일처럼 드리워지네
내 위에서 파르르 떨면서 - 
꿈에서 종종 날 부르는 너의 목소리 
바깥 문 앞에서 들려와도 
아무도 깨어 문 열어줄 이 없으니 
나는 깨어나 서럽게 운다네
 
그래, 나는 분명 죽게 될거야,
다른 여인이 네게 입 맞추겠지,
내가 창백하고 싸늘해지거든 - 
오월의 미풍이 불어오기 전에
지빠귀가 숲에서 노래하기 전에
날 다시 한 번 보고 싶거든,
내게 와 줘, 오, 얼른 와 줘!"
9,Op.106,1,,,Ständchen,세레나데,Johannes Brahms,요하네스 브람스,1833,1897,,,,,Franz Theodor Kugler,프란츠 테오도르 쿠글러,1808,1858,,,,,"Der Mond steht über dem Berge,
So recht für verliebte Leut';
Im Garten rieselt ein Brunnen,
Sonst Stille weit und breit.

Neben der Mauer im Schatten,
Da stehn der Studenten drei,
Mit Flöt' und Geig' und Zither,
Und singen und spielen dabei.

Die Klänge schleichen der Schönsten
Sacht in den Traum hinein,
sie schaut den blonden Geliebten
und lispelt: »Vergiß nicht mein!«","달이 산 위에 떠 있는 건,
곧 사랑하는 이들을 위한 일,
정원에선 졸졸 우물물 흐르는 소리
그밖에는 고요가 멀리까지 퍼져 있구나.

담벼락 곁 그림자 속으로
세 사람의 대학생이 서 있다, 
플룻과 바이올린 그리고 치터로
노래하고 연주도 한데 섞는다

그 소리가 미끄러지듯 아름다운 여인의 
그 꿈 속으로 슬며시 들어가고, 
그녀는 사랑하는 금발의 그이를 보며, 
귓가에 소곤거린다, ""날 잊지 말아요!"""
10,,,Des Knaben Wunderhorn,소년의 이상한 뿔피리,Des Antonius von Padua Fischpredigt,파두아의 성 안토니우스 물고기에게 설교하다,Gustav Mahler,구스타프 말러,1860,1911,,,,,Achim von Arnim,아힘 폰 아르님,1781,1831,Clemens Brentano,클레멘스 브렌타노,1778,1842,"Antonius zur Predigt
Die Kirche findt ledig.
Er geht zu den Flüssen
und predigt den Fischen;

Sie schlagen mit den Schwänzen,
Im Sonnenschein glänzen.

Die Karpfen mit Rogen
Sind allhier gezogen,
Haben d'Mäuler aufrissen,
Sich Zuhörens beflissen;

Kein Predigt niemalen
Den Karpfen so g'fallen.

Spitzgoschete Hechte,
Die immerzu fechten,
Sind eilend herschwommen,
Zu hören den Frommen;

Auch jene Phantasten,
Die immerzu fasten;
Die Stockfisch ich meine,
Zur Predigt erscheinen;

Kein Predigt niemalen
Den Stockfisch so g'fallen.

Gut Aale und Hausen,
Die vornehme schmausen,
Die selbst sich bequemen,
Die Predigt vernehmen:

Auch Krebse, Schildkroten,
Sonst langsame Boten,
Steigen eilig vom Grund,
Zu hören diesen Mund:

Kein Predigt niemalen
den Krebsen so g'fallen.

Fisch große, Fisch kleine,
Vornehm und gemeine,
Erheben die Köpfe
Wie verständge Geschöpfe:

Auf Gottes Begehren
Die Predigt anhören.

Die Predigt geendet,
Ein jeder sich wendet,
Die Hechte bleiben Diebe,
Die Aale viel lieben.

Die Predigt hat g'fallen.
Sie bleiben wie alle.

Die Krebs gehn zurücke,
Die Stockfisch bleiben dicke,
Die Karpfen viel fressen,
die Predigt vergessen.

Die Predigt hat g'fallen.
Sie bleiben wie alle.","성 안토니우스가 설교를 하려는데
예배당이 텅텅 비어 있는 거야.
그래서 그는 강가로 가서
물고기들에게 설교를 시작했지.

물고기들은 꼬리를 치며
햇빛 아래 반짝이고 있었어.

알을 품은 잉어들이 
거기로 와서는
주둥아리 아아 벌리고
열심히 설교를 경청했대.

그 어떤 설교도 그렇게 
잉어 마음에 쏙 든 적은 없었을 거야

뻔뻔함의 극치 곤들메기
그 싸움박질 녀석들도
서둘러 헤엄쳐 왔어.
영빨 있는 분 설교 듣겠다고 말야. 

답이 없는 몽상가에다
허구헌날 금식만 하는 녀석들, 
왜 건어라고 있잖아, 건어.
걔들도 설교하는 데 나타났어. 

그 어떤 설교도 그렇게 
건어 마음에 쏙 든 적은 없었을 거야

좋으신 장어님과 철갑상어님도 있어,
좋은 것만 골라 먹고
지 편한 대로만 하는 그 녀석들도
설교에 귀를 기울이고 있었단다.

게랑 거북이도 왔어
평소엔 느림보 심부름꾼이던 놈들이
뭍에서 재빨리 내려와 서둘러 내려왔지.
이 분의 말씀 한 번 들어보려고.

그 어떤 설교도 그렇게 
게 마음에 쏙 든 적은 없었을 거야

큰 물고기 작은 물고기 없이
귀족 물고기 평민 물고기 없이
죄다 머리를 들어올리니 
이 얼마나 똑똑한 피조물인가.

하나님을 찾는 마음으로
집중을 다해서 설교 말씀을 들은 거야.

설교가 끝나고 
모두 제 각각 흩어졌어.
그런데 곤들메기는 여전히 도둑질이고
바람둥이 장어는 여전히 여기저기 쑤시고 다니고 

설교는 그렇게 은혜로웠는데!
모두들 그냥 그대로라네!

게는 여전히 옆으로 가고 
건어는 여전히 뚱뚱이고 
잉어는 여전히 너무 많이 쳐 먹고 
설교는 벌써 다 까먹어 버렸네?!.

설교는 그렇게 은혜로웠는데!
모두들 그냥 그대로라네!"
11,,,Des Knaben Wunderhorn,소년의 이상한 뿔피리,Wo die schönen Trompeten blasen,아름다운 나팔 소리 들려오는 곳,Gustav Mahler,구스타프 말러,1860,1911,,,,,Achim von Arnim,아힘 폰 아르님,1781,1831,Clemens Brentano,클레멘스 브렌타노,1778,1842,"Wer ist denn draußen und wer klopfet an,
Der mich so leise, so leise wecken kann?

Das ist der Herzallerliebste dein,
Steh auf und laß mich zu dir ein!

Was soll ich hier nun länger stehn?
Ich seh die Morgenröt aufgehn,
Die Morgenröt, zwei helle Stern,
Bei meinem Schatz, da wär ich gern,
bei meiner Herzallerliebsten.

Das Mädchen stand auf und ließ ihn ein;
Sie heißt ihn auch wilkommen sein.
Willkommen, lieber Knabe mein,
So lang hast du gestanden!

Sie reicht ihm auch die schneeweiße Hand.
Von ferne sang die Nachtigall
Das Mädchen fing zu weinen an.

Ach weine nicht, du Liebste mein,
Aufs Jahr sollst du mein eigen sein.
Mein Eigen sollst du werden gewiß,
Wie's keine sonst auf Erden ist.
O Lieb auf grüner Erden.

Ich zieh in Krieg auf grüner Heid,
Die grüne Heide, die ist so weit.
Allwo dort die schönen Trompeten blasen,
Da ist mein Haus, von grünem Rasen.","밖에 있는 게 누굴까? 누가 두드리는 걸까?
낮은 목소리 나직이 나를 깨우는 건?

나야, 네가 온 마음으로 사랑하던 사람,
일어나서 너에게 나를 들여보내 줘!

여기 더 오래 서 있어야 하는 거니?
벌써 동 터 오는 아침 노을이 보여,
아침 노을과 두 개의 밝은 별,
내 사랑하는 이의 곁에 있을 수 있다면!
내 사랑, 네 곁에!

소녀는 일어나 그를 맞아 들인다.
그의 이름을 부르고 반가이 맞이한다.
보고 싶었어, 내 사랑!
내가 널 너무 오래 세워 두었구나.

소녀는 그 백설 같은 손을 그에게 내민다.
멀리서는 밤꾀꼬리의 아련한 노랫소리.
소녀는 – 곧 울기 시작한다.

아아, 울지 마, 내 사랑아!
내년이면 넌 이제 내 여자가 될 거야.
나만의 것, 분명히 그렇게 될 거야.
세상에 다른 그 어떤 이와도 다른 너는
오, 이 푸른 땅 위의 내 사랑이야!

나 이제 전쟁에 나가, 저 푸른 들판으로.
그 푸른 들판은 아주 멀리 있어.
아름다운 나팔 소리 들려오는 곳
푸른 잔디 위, 그 곳이 바로 내 집이야!"
12,,,Des Knaben Wunderhorn,소년의 이상한 뿔피리,Zu Straßburg auf der Schanz,슈트라스부르크의 보루,Gustav Mahler,구스타프 말러,1860,1911,,,,,Achim von Arnim,아힘 폰 아르님,1781,1831,Clemens Brentano,클레멘스 브렌타노,1778,1842,"Zu Straßburg auf der Schanz,
Da ging mein Trauern an;
Das Alphorn hört' ich drüben wohl anstimmen,
Ins Vaterland mußt ich hinüberschwimmen,
Das ging ja nicht an.

Ein Stunde in der Nacht
Sie haben mich gebracht;
Sie führten mich gleich vor des Hauptmanns Haus,
Ach Gott, sie fischten mich im Strome auf,
Mit mir ist's aus.

Frühmorgens um zehn Uhr
Stellt man mich vor das Regiment;
Ich soll da bitten um Pardon,
Und ich bekomm doch meinen Lohn,
Das weiß ich schon.

Ihr Brüder allzumal,
Heut' seht ihr mich zum letztenmal;
Der Hirtenbub ist nur schuld daran,
Das Alphorn hat mir's angetan,
Das klag ich an.","슈트라스부르크의 보루
그 곳에서부터 나의 장례식이 시작되었다.
알프스 호른 저 위에서 또렷이 울리고
나는 조국 땅으로 헤엄쳐 건너와야 했는데
그 일이 순조롭지 못했던 것이다.

야심한 때 한 시간 동안이나
그들은 나를 데려갔다
나를 중대장 집 앞으로 끌고 갔다.
오, 하나님, 그들이 나를 강에서 낚아 올린 것이다.
나는 이제 끝난 거다. 

이른 아침, 열 시 정각 
그들은 나를 연대 앞에 세운다.
거기서 그들에게 관용을 구할 테지만
내 응분의 대가를 받게 될 것이고,
나 역시 그걸 알고 있다. 

형제들이여, 너희 모두들
오늘 나를 마지막으로 본 게 되겠구나.
책임이 있다면 그건 그저 목동소년
그의 알프스 호른이 한 짓이라고
탓할 뿐이네 –"
13,,,Rückert-Lieder,뤼케르트 가곡집,,,Gustav Mahler,구스타프 말러,1860,1911,,,,,Friedrich Rückert,프리드리히 뤼케르트,1788,1866,,,,,"Ich bin der Welt abhanden gekommen,
Mit der ich sonst viele Zeit verdorben,
Sie hat so lange nicht von mir vernommen,
Sie mag wohl glauben, ich sei gestorben.

Es ist mir auch gar nichts daran gelegen,
Ob sie mich für gestorben hält,
Ich kann auch gar nichts sagen dagegen,
Denn wirklich bin ich gestorben der Welt.

Ich bin gestorben dem Weltgetümmel,
Und ruh' in einem stillen Gebiet.
Ich leb' allein in meinem Himmel,
In meinem Lieben, in meinem Lied.","나는 세상에서 잊혀졌네
더불어 덧없이 오랜 시간 쇠했네
세상은 오래도록 내 소식 못 들어
그저 내가 죽었겠거니 하겠네

그것도 내겐 별 상관 없는 일.
죽었다 여기든지 아니라 하든지
나 역시 반박할 것 아무 없으니
세상 보기에 나는 죽은 것이나 같네 – 

요지경 세상에게는 죽은 자요
고요한 땅에서 쉬고 있으니
나의 하늘 그 속에서 나 홀로 살리,
나의 사랑, 내 노래 속에서!"
14,Op.34,2,,,Auf Flügeln des Gesanges,노래의 날개 위에,Gustav Mahler,구스타프 말러,1860,1911,,,,,Heinrich Heine,하인리히 하이네,1797,1856,,,,,"Auf Flügeln des Gesanges,
Herzliebchen, trag ich dich fort,
Fort nach den Fluren des Ganges,
Dort weiß ich den schönsten Ort;

Dort liegt ein rotblühender Garten
Im stillen Mondenschein,
Die Lotosblumen erwarten
Ihr trautes Schwesterlein.

Die Veilchen kichern und kosen,
Und schaun nach den Sternen empor,
Heimlich erzählen die Rosen
Sich duftende Märchen ins Ohr.

Es hüpfen herbei und lauschen
Die frommen, klugen Gazelln,
Und in der Ferne rauschen
Des heil'gen Stromes Well'n.

Dort wollen wir niedersinken
Unter dem Palmenbaum,
Und Liebe und Ruhe trinken,
Und träumen seligen Traum.","노래의 날개 위에
마음의 연인이여, 내 그대를 실어 보내리,
저 갠지스 강의 초원에까지,
거기서 나는 가장 아름다운 곳을 알게 되리;

거기엔 고요히 듣는 월광 속에,
붉게 피어나는 정원이 있으리,
연꽃들은 그의 정 깊은
자매들을 기다린다네 

제비꽃들은 키득거리면서 애무하고
별들을 향하여 눈길을 올리네,
비밀스레 장미들은 저희들끼리 
귓가에다 향내나는 동화들을 속삭인다네.

껑충껑충 뛰어다니다 가만히 귀 기울이는 건
신앙심 깊고 영리한 가젤들,
저 멀리에서는 거룩한 강
물결들의 솨아 하는 소리 

거기서 우리들은 무릎을 꿇고 싶다네
야자 나무 아래에서
그리고는 사랑과 안식을 마시며
지고의 행복을 꿈꾸고 싶다네"
15,Op.71,6,,,Nachtlied,밤노래,Felix Mendelssohn-Bartholdy,펠릭스 멘델스존-바르톨디,1809,1847,,,,,Josef von Eichendorff,요제프 폰 아이헨도르프,1788,1857,,,,,"Vergangen ist der lichte Tag;
Von ferne kommt der Glocken Schlag.
So reist die Zeit die ganze Nacht,
Nimmt manchen mit, der's nicht gedacht.

Wo ist nun hin die bunte Lust,
Des Freundes Trost und treue Brust,
Des Weibes süßer Augenschein?
Will keiner mit mir munter sein?

Da's nun so stille auf der Welt,
Ziehn Wolken einsam übers Feld,
Und Feld und Baum besprechen sich, --
O Menschenkind, was schauert dich?

Wie weit die falsche Welt auch sei,
Bleibt mir doch Einer nur getreu,
Der mit mir weint, der mit mir wacht,
Wenn ich nur recht an ihn gedacht.

Frisch auf denn, liebe Nachtigall,
Du Wasserfall mit hellem Schall!
Gott loben wollen wir vereint,
Bis daß der lichte Morgen scheint!","사라져 버렸다, 빛 밝던 낮은.
멀리서는 타종의 소리 다가오고
시간은, 그렇게 온 밤을 여행하며, 
많은 이들을 데려간다, 생각도 못하던 이들을.

이제 그 형형색색의 쾌락은 어디에,
벗들의 위로와 신실한 가슴은,
여인의 달콤한 눈망울 맺힌 빛은?
나와 더불어 깨어 있을 이도 아무도 없는가?

세상이 이제 이렇게도 고요하여
외로이 구름만 들 위를 흘러갈 때, 
들판과 나무가 서로 말을 주고 받을 때, 
오, 인자여, 너를 두렵게 하는 건 무엇이던가?

거짓된 세상이 그렇게 넓다 하여도 
한 분이신 그는 오직 신실하고 변찮으시니,
내가 오직 바르게 그를 생각할 때면
나와 함께 우시고, 나와 함께 깨어 계시리.

새 힘으로 일어나라, 사랑스런 밤꾀꼬리야, 
너 맑은 소리의 폭포수야!
마음을 합쳐 우리 하나님을 찬양하자꾸나, 
빛밝은 아침이 다시 비춰 올 때까지!"
16,KV 476,,,,Das Veilchen,제비꽃,Wolfgang Amadeus Mozart,볼프강 아마데우스 모차르트,1756,1791,,,,,Johann Wolfgang von Goethe,요한 볼프강 폰 괴테,1749,1832,,,,,"Ein Veilchen auf der Wiese stand,
Gebückt in sich und unbekannt;
Es war ein herzig’s Veilchen.
Da kam eine junge Schäferin
Mit leichtem Schritt und muntrem Sinn
Daher, daher,
Die Wiese her, und sang.

Ach! denkt das Veilchen, war ich nur
Die schönste Blume der Natur,
Ach, nur ein kleines Weilchen,
Bis mich das Liebchen abgepflückt
Und an dem Busen matt gedrückt!
Ach nur, ach nur
Ein Viertelstündchen lang!

Ach! aber ach! das Mädchen kam
Und nicht in Acht das Veilchen nahm,
Ertrat das arme Veilchen.
Es sank und starb und freut' sich noch:
Und sterb ich denn, so sterb' ich doch
Durch sie, durch sie,
Zu ihren Füßen doch.
(Das arme Veilchen,
Es war ein herzig’s Veilchen)","제비꽃 하나 풀밭에 나 있었어,
구푸러져서 보이지도 않았지;
그건 그냥 귀여운 제비꽃이었어.
그 때 어떤 젊은 양치기 소녀가 오네
발걸음 가벼이 기분은 명랑히
이리로 이리로
풀밭 쪽으로 오면서, 노래를 불렀어!

아! 제비꽃은 생각했어, 내가 만일 그저
자연이 빚은 제일 예쁜 꽃이라면,
아, 그저 짧디 짧은 순간이라도 좋아!
연인이 날 꺾어서, 
가슴에 꼭 안을 그 때까지만이라도
아 단지, 아 단지,
십오분쯤만이라도!

아, 그렇지만, 아! 소녀는 오다가
제비꽃을 주의하지 않고는,
밟아버렸어! 그 불쌍한 제비꽃을.
짓눌려, 죽으며, 제비꽃은 그래도 기뻐하네;
나 죽더라도, 이렇게 죽으니,
그녀를 통해, 그녀를 통해
그 소녀의 두 발에.
(불쌍한 제비꽃!
그건 그냥 귀여운 제비꽃이었어.)"
17,,,,,Gretchen am Spinnrade,물레 가의 그레트헨,Franz Peter Schubert,프란츠 페터 슈베르트,1797,1828,,,,,Johann Wolfgang von Goethe,요한 볼프강 폰 괴테,1749,1832,,,,,"Meine Ruh' ist hin,
Mein Herz ist schwer,
Ich finde sie nimmer
Und nimmermehr.

Wo ich ihn nicht hab
Ist mir das Grab,
Die ganze Welt
Ist mir vergällt.

Mein armer Kopf
Ist mir verrückt,
Mein armer Sinn
Ist mir zerstückt.

Meine Ruh' ist hin,
Mein Herz ist schwer,
Ich finde sie nimmer
Und nimmermehr.

Nach ihm nur schau ich
Zum Fenster hinaus,
Nach ihm nur geh ich
Aus dem Haus.

Sein hoher Gang,
Sein' edle Gestalt,
Seine Mundes Lächeln,
Seiner Augen Gewalt,

Und seiner Rede
Zauberfluß,
Sein Händedruck,
Und ach, sein Kuß!

Meine Ruh' ist hin,
Mein Herz ist schwer,
Ich finde sie nimmer
Und nimmermehr.

Mein Busen drängt sich
Nach ihm hin.
Ach dürft ich fassen
Und halten ihn,

Und küssen ihn,
So wie ich wollt,
An seinen Küssen
Vergehen sollt!","나의 평온은 저 멀리,
마음은 무거워
그 평안 나 다시는
더는 찾을 길 없네

그가 곁에 있지 않은 곳
내게는 무덤
온 세상이 전부 다
쓰디쓸 뿐

내 가련한 머리
돌아버렸고,
나의 오감은
조각나 버렸네

나의 평온은 저 멀리,
마음은 무거워
그 평안 나 다시는
더는 찾을 길 없네

오로지 그만 따라 
내 시선 창 밖을 향하고
오로지 그만 따라
나 집 밖을 나서네

그의 드높은 걸음걸이,
그 고귀한 풍모, 
그의 입가의 미소,
그 인상의 강렬함,

그의 흐르는 말
마법의 물결
그 손의 힘,
아, 그의 입맞춤!

나의 평온은 저 멀리,
마음은 무거워
그 평안 나 다시는
더는 찾을 길 없네

내 가슴 그를 향하여
마구 내달리니,
아, 그를 꼭 붙잡고, 
놓지 않아도 된다면,

마음껏 그에게
키스해도 된다면
그의 입맞춤에 
내가 사라져 버린대도!"
18,D 193,,,,An den Mond,달에게,Franz Peter Schubert,프란츠 페터 슈베르트,1797,1828,,,,,Ludwig Heinrich Christoph Hölty,루드비히 하인리히 크리스토프 횔티,1748,1776,,,,,"Geuß, lieber Mond, geuß deine Silberflimmer
  Durch dieses Buchengrün,
Wo Phantasien und Traumgestalten immer 
  Vor mir vorüberfliehn!

Enthülle dich, daß ich die Stätte finde,
  Wo oft mein Mädchen saß,
Und oft, im Wehn des Buchbaums und der Linde,
  Der goldnen Stadt vergaß!

Enthülle dich, daß ich des Strauchs mich freue,
  Der Kühlung ihr gerauscht,
Und einen Kranz auf jeden Anger streue,
  Wo sie den Bach belauscht!

Dann, lieber Mond, dann nimm den Schleier wieder,
  Und traur' um deinen Freund,
Und weine durch den Wolkenflor hernieder,
Wie ein* Verlaßner weint!","불어넣어다오, 친절한 달아, 네 아른거리는 은빛을
환상과 꿈의 형상들이
늘 내 앞에 스치고 노닐었던
너도밤나무 숲 그 푸르름 속으로!

얼굴을 비춰다오, 나의 아가씨가 종종 앉아있던
그 곳을 찾을 수 있게, 
너도밤나무 보리수 나부끼는 소리에
황금빛 도시가 쉬이 잊혀졌었던.

얼굴을 비춰다오, 솨아 소리로 서늘하였던
그 덤불 숲을 내 누릴수 있게,
그녀가 앉아 시냇물 소리를 즐겨 듣던
그 강둑에 꽃을 엮어 흩뿌릴 수 있게.

그리고 나면, 달아, 다시 베일을 쓰려무나.
너의 친구를 위해 울어 주려무나.
눈물을 떨궈다오, 엷은 층운들의 망사 아래로
눈물 흘리는 버림받은 어느 남자처럼!"
19,D 328,,,,Erlkönig,마왕,Franz Peter Schubert,프란츠 페터 슈베르트,1797,1828,,,,,Johann Wolfgang von Goethe,요한 볼프강 폰 괴테,1749,1832,,,,,"Wer reitet so spät durch Nacht und Wind?
Es ist der Vater mit seinem Kind;
Er hat den Knaben wohl in dem Arm,
Er faßt ihn sicher, er hält ihn warm.

«Mein Sohn, was birgst du so bang dein Gesicht?» -
«Siehst, Vater, du den Erlkönig nicht?
Den Erlenkönig mit Kron' und Schweif?»
«Mein Sohn, es ist ein Nebelstreif.»
 
""Du liebes Kind, komm, geh mit mir!
Gar schöne Spiele spiel ich mit dir;
Manch bunte Blumen sind an dem Strand,
Meine Mutter hat manch gülden Gewand.""
 
«Mein Vater, mein Vater, und hörest du nicht,
Was Erlenkönig mir leise verspricht?»
«Sei ruhig, bleibe ruhig, mein Kind:
In dürren Blättern säuselt der Wind.»
 
""Willst, feiner Knabe, du mit mir gehn?
Meine Töchter sollen dich warten schön;
Meine Töchter führen den nächtlichen Reihn
Und wiegen und tanzen und singen dich ein.""
 
«Mein Vater, mein Vater, und siehst du nicht dort
Erlkönigs Töchter am düstern Ort?»
«Mein Sohn, mein Sohn, ich seh es genau:
Es scheinen die alten Weiden so grau.»
 
""Ich liebe dich, mich reizt deine schöne Gestalt;
Und bist du nicht willig, so brauch ich Gewalt.""
«Mein Vater, mein Vater, jetzt faßt er mich an!
Erlkönig hat mir ein Leids getan!»

Dem Vater grauset's, er reitet geschwind,
Er hält in Armen das ächzende Kind,
Erreicht den Hof mit Müh' und Not:
In seinen Armen das Kind war tot.","누가 말 달려 가는가, 늦은 밤 바람을 뚫고,
그건 아이를 데리고 가는 아버지, 
소년을 품 안에 고이 품고는
안전하게 붙들어 따뜻하게 안고 있다. 

""아들아, 뭐가 두려워 얼굴을 숨기느냐?""
""아빠는 마왕이 안 보이세요?
왕관도 쓰고 꼬리도 있어요""
""아들아, 저건 그냥 안개 띠로구나.""

""아가, 참 잘 생겼구나, 이리 와, 나하고 가자.
엄청 신나는 놀이가 있는데 나랑 같이 안 할래?
물가에는 색색 꽃들 많기도 많고
우리 엄마한텐 황금 반짝이 옷도 많아.""

""아빠, 아빠, 안 들리세요?
마왕이 낮은 목소리로 같이 가재요!""
가만 있거라, 가만 있어. 아들아.
저건 마른 잎사귀들 바람에 서걱대는 소리란다.""

""너 정말 멋있다. 나랑 같이 안 갈래?
우리 딸들이 예쁘게 꾸미고는 널 기다릴텐데,
우리 딸들이 한밤 무도회로 널 데려가서
흔들고, 춤추고, 노래불러 재워도 줄텐데.""

""아빠, 아빠, 저기 안 보이세요?""
음침한 저 곳, 마왕의 딸들이에요!""
""아들아, 아들아, 내가 똑똑히 보고 있다. 
늙은 버드나무가 저런 잿빛으로 보이는 거야.""

""난 네가 좋아. 네 잘생긴 외모에 빠져 버렸어
그런데도 자꾸 버틴다면 이제 난 폭력을 쓸거야!
""아빠, 아빠, 이제 마왕이 날 막 붙잡아요
마왕이 나한테 상처를 입혔어요""

아버지는 소름이 돋는다, 급하게 말을 몬다.
품 속엔 끙끙 앓는 아이를 안고
고생스레 궁지에 몰려 겨우겨우 집마당에 도착한다.
그의 품 속에서 아이는, 죽어 있었다."
20,D 544,,,,Ganymed,가뉘메트,Franz Peter Schubert,프란츠 페터 슈베르트,1797,1828,,,,,Johann Wolfgang von Goethe,요한 볼프강 폰 괴테,1749,1832,,,,,"Wie im Morgenglanze
Du rings mich anglühst,
Frühling, Geliebter!
Mit tausendfacher Liebeswonne
Sich an mein Herze* drängt
Deiner ewigen Wärme Heilig Gefühl,
Unendliche Schöne!

Daß ich dich fassen möcht'
In diesen Arm!

Ach, an deinem Busen
Lieg' ich und schmachte,
Und deine Blumen, dein Gras
Drängen sich an mein Herz.
Du kühlst den brennenden
Durst meines Busens,
Lieblicher Morgenwind!
Ruft drein die Nachtigall
Liebend nach mir aus dem Nebeltal.

Ich komm', ich komme!
Ach, wohin? wohin?
Hinauf! strebt's hinauf!
Es schweben die Wolken
Abwärts, die Wolken
Neigen sich der sehnenden Liebe.
Mir! Mir!
In eurem Schosse
Aufwärts!
Umfangend umfangen!
Aufwärts an deinen Busen,
Alliebender Vater!","아침 노을 비춰오는데
내 주위를 그대 붉게 물들이듯
봄이여, 연인이여!
천 겹 사랑의 희열로 
그대가 내 마음에 밀려들어요!
그 영원히 온기의 거룩한 감정이여.
그 끝없는 아름다움이여!

내 당신을 이 품에 
꼭 안고 싶어요!

아, 당신의 가슴에 누워
그리워 애태우니
당신의 꽃들, 당신의 풀도
내 가슴으로 밀려옵니다
내 가슴의 타는 목마름을
다정히 식혀주는 건,
그대, 사랑스러운 봄바람, 
꾀꼬리는 그 속에 나를 향한 노래 
실어 보냅니다, 사랑하며, 안개의 계곡에서

나도 가겠어요, 같이 가겠어요!
아, 어디로? 어디로?
저 위로, 가겠어요! 저 위로 
구름들이 떠돌아 흐르고
아래로, 구름들이
그리워하는 사랑에게로 몸을 기울여요!
나에게로, 나에게로!
이제 너희 구름들 품 안에서
위로!
아름 안으며 아름 안긴 채!
위로, 당신의 가슴으로,
만물을 사랑하는 아버지께!"
21,D 547,,,,An die Musik,음악에게,Franz Peter Schubert,프란츠 페터 슈베르트,1797,1828,,,,,Franz von Schober,프란츠 폰 쇼버,1796,1882,,,,,"Du holde Kunst, in wieviel grauen Stunden,
Wo mich des Lebens wilder Kreis umstrickt,
Hast du mein Herz zu warmer Lieb entzunden,
Hast mich in eine beßre Welt entrückt!

Oft hat ein Seufzer, deiner Harf' entflossen,
Ein süßer, heiliger Akkord von dir
Den Himmel beßrer Zeiten mir erschlossen,
Du holde Kunst, ich danke dir dafür!","너 마음씨 고운 예술이여, 얼마나 한 잿빛 시간들,
황량한 삶의 쳇바퀴가 날 마구 휘감던 그 때,
바로 네가 따스한 사랑 되도록 내 맘 불 밝혀주어,
더 나은 세상 황홀경으로 날 보내 주었구나!

너의 하프에서 때때로 한숨 하나 흘러나오고,
너에게서 달콤하고 성스러운 화음이 나와
더 나은 시절, 그 하늘을 내게 열어 제쳤으니,
너 마음씨 고운 예술이여, 나는 네가 참 고맙구나!"
22,D 686,,,,Frühlingsglaube,봄에 대한 믿음,Franz Peter Schubert,프란츠 페터 슈베르트,1797,1828,,,,,Johann Ludwig Uhland,요한 루드비히 울란트,1787,1862,,,,,"Die linden Lüfte sind erwacht,
Sie säuseln und weben Tag und Nacht,
Sie schaffen an allen Enden.
O frischer Duft, o neuer Klang!
Nun, armes Herze, sei nicht bang!
Nun muß sich alles, alles wenden.

Die Welt wird schöner mit jedem Tag,
Man weiß nicht, was noch werden mag,
Das Blühen will nicht enden;
Es blüht das fernste, tiefste Tal:
Nun, armes Herz, vergiß der Qual!
Nun muß sich alles, alles wenden.","보리수에 이는 바람들 깨어나,
바스락 소리로 낮 밤을 불고,
끝자락마다 오가며 자리를 예비하니,
오 싱그러운 향내, 오 새로운 음향!
이제 너 가엾은 마음이여, 불안해 마시게.
이제 모두가, 모두가 변할 것이니. 

세상은 날이 갈수록 점점 아름다워 가고,
아직 무엇이 더 올는지 알 길 없으리.
꽃은 피기를 그치려 않고,
심산유곡 먼 데까지 만발케 하니,
이제 너 가련한 마음이여, 고통은 잊으시게.
이제 모두가, 모두가 변할 것이니."
23,D 774,,,,Auf dem Wasser zu singen,물 위에서 노래하기,Franz Peter Schubert,프란츠 페터 슈베르트,1797,1828,,,,,Friedrich Leopold Graf zu Stolberg-Stolberg,프리드리히 레오폴트 그라프 추 슈톨베르크,1750,1819,,,,,"Mitten im Schimmer der spiegelnden Wellen
Gleitet, wie Schwäne, der wankende Kahn:
Ach, auf der Freude sanftschimmernden Wellen
Gleitet die Seele dahin wie der Kahn;
Denn von dem Himmel herab auf die Wellen
Tanzet das Abendrot rund um den Kahn.

Über den Wipfeln des westlichen Haines
Winket uns freundlich der rötliche Schein;
Unter den Zweigen des östlichen Haines
Säuselt der Kalmus im rötlichen Schein;
Freude des Himmels und Ruhe des Haines
Atmet die Seel im errötenden Schein.

Ach, es entschwindet mit tauigem Flügel
Mir auf den wiegenden Wellen die Zeit;
Morgen entschwinde mit schimmerndem Flügel
Wieder wie gestern und heute die Zeit,
Bis ich auf höherem strahlendem Flügel
Selber entschwinde der wechselnden Zeit.","물결의 거울 어슴푸레 비치는 한복판에서,
흔들거리며 거룻배 하나 백조같이 나아가고:
아, 환희가 은은히 아른거리는 물결 위에
영혼도 거룻배같이 저 쪽으로 나아가고;
실로 하늘로부터 저 아래 물결 위까지
거룻배 주위를 둘러 춤을 추는 저녁 노을. 

서쪽 땅 숲의 그 우듬지들 위에서
붉은 햇살 우리게 친근히 윙크하고;
동쪽 땅 숲의 그 가지들 아래에선
붉은 햇살 맞으며 창포나무 서걱이고;
하늘의 환희와 숲 속의 쉼,
영혼은 붉어지는 그 빛 아래 숨을 쉬고.

아, 흔들리는 물결 위 내게서 
이슬 젖은 날개로 시간은 사라져가고,
내일도 어슴푸레한 빛과 함께 
어제처럼 오늘처럼 다시 사라져가고,
내 더 높이 빛 발하는 그 날개를 타고
돌고 도는 시간 밖으로 사라질 그 날까지."
24,D 776,,,,Du bist die Ruh,그대는 나의 안식,Franz Peter Schubert,프란츠 페터 슈베르트,1797,1828,,,,,Friedrich Rückert,프리드리히 뤼케르트,1788,1866,,,,,"Du bist die Ruh,
Der Friede mild,
Die Sehnsucht du
Und was sie stillt.

Ich weihe dir
Voll Lust und Schmerz
Zur Wohnung hier
Mein Aug und Herz.

Kehr ein bei mir,
Und schließe du
Still hinter dir
Die Pforten zu.

Treib andern Schmerz
Aus dieser Brust!
Voll sei dies Herz
Von deiner Lust.

Dies Augenzelt
Von deinem Glanz
Allein erhellt,
O füll es ganz!","그대는 나의 안식, 
은은한 평화 
그대는 그리움,
그리움의 해갈. 

당신께 바치겠어요,
즐거움과 고통 전부를,
여기 와 당신 사시라고,
내 눈과 마음까지도.

내 곁으로 돌아와요,
문은 당신 
등 뒤에서 
가만히 닫아걸고 

다른 고통은 몰아내요
이 가슴 밖으로
당신 주는 기쁨으로
이 가슴을 채워줘요.

이 눈의 장막
당신의 광채로만
오직 밝아지니, 
오 가득 채워주세요"
25,D 827,,,,Nacht und Träume,밤과 꿈,Franz Peter Schubert,프란츠 페터 슈베르트,1797,1828,,,,,Matthäus Kasimir von Collin,마태우스 카지미르 폰 콜린,1779,1824,,,,,"Heil'ge Nacht, du sinkest nieder;
Nieder wallen auch die Träume
Wie dein Mondlicht* durch die Räume,
Durch der Menschen stille Brust*.
Die belauschen sie mit Lust;
Rufen, wenn der Tag erwacht:
Kehre wieder, heil'ge Nacht!
Holde Träume, kehret wieder!","거룩한 밤아, 그대 내리 깔리는구나;
꿈들도 내려와 물결치는구나
그대의 달빛처럼 허공을 지나
사람들 그 고요한 가슴을 지나.
꿈들의 찰랑거림, 귀 기울여 즐겁게 듣고는
날이 새면 소리 높여 부른다
돌아 오려무나, 너 거룩한 밤아!
너 좋은 꿈들아, 돌아 오려무나!"
26,D 877,,,,Lied der Mignon III,미뇽의 노래,Franz Peter Schubert,프란츠 페터 슈베르트,1797,1828,,,,,Johann Wolfgang von Goethe,요한 볼프강 폰 괴테,1749,1832,,,,,"Nur wer die Sehnsucht kennt
Weiß, was ich leide!
Allein und abgetrennt
Von aller Freude,
Seh ich ans Firmament
Nach jener Seite.

Ach! der mich liebt und kennt,
Ist in der Weite.
Es schwindelt mir, es brennt
Mein Eingeweide.
Nur wer die Sehnsucht kennt
Weiß, was ich leide!","오직 그리움을 아는 이만이
나의 괴로움을 짐작하겠네!
외롭게, 온갖 기쁨에서
떼어지고 끊겨 나와 
나는 저 창공 
저 너머를 바라 보네.

아, 나를 사랑하고 잘 아는 이는
저 멀리 있으니
현기증이 인다, 다 타 들어간다,
내 오장육부가!
오직 그리움을 아는 이만이
나의 괴로움을 짐작하겠네!"
27,Op.25,1,Myrten,미르텐,Widmung,헌정,Robert Alexander Schumann,로베르트 알렉산더 슈만,1810,1856,,,,,Friedrich Rückert,프리드리히 뤼케르트,1788,1866,,,,,"Du meine Seele, du mein Herz,
Du meine Wonn’, o du mein Schmerz,
Du meine Welt, in der ich lebe,
Mein Himmel du, darein ich schwebe,
O du mein Grab, in das hinab
Ich ewig meinen Kummer gab.

Du bist die Ruh’, du bist der Frieden,
Du bist vom Himmel mir beschieden.
Daß du mich liebst, macht mich mir wert,
Dein Blick hat mich vor mir verklärt,
Du hebst mich liebend über mich,
Mein guter Geist, mein beßres Ich!","그대 나의 영혼, 그대 내 심장이여, 
그대 나의 희락, 오 그대 내 고통이여,
그대 나의 살아가는 세상이여, 
내 하늘 그대, 그 속에서 나는 둥실 떠 다니고, 
오 그대 내 무덤, 그 곳에다 나는
영원히 내 근심 내려 놓아요.

그대는 안식, 그대는 평화, 
그대는 하늘이 내 몫으로 준 사람,
그대가 날 사랑함이 나를 가치롭게 하고
그대의 눈길 내 목전에서 날 정화시키며,
그대 나를 들어 사랑하며 고양시킵니다.
내 선한 영, 내 더 나은 나 자신인, 그대여!"
28,Op.25,3,Myrten,미르텐,Der Nussbaum,호두나무,Robert Alexander Schumann,로베르트 알렉산더 슈만,1810,1856,,,,,Julius Mosen,율리우스 모젠,1803,1867,,,,,"Es grünet ein Nußbaum vor dem Haus,
Duftig, 
Luftig 
Breitet er blättrig die Blätter* aus.

Viel liebliche Blüten stehen dran;
Linde 
Winde 
Kommen, sie herzlich zu umfahn.

Es flüstern je zwei zu zwei gepaart,
Neigend, 
Beugend 
Zierlich zum Kusse die Häuptchen zart.

Sie flüstern von einem Mägdlein,
Das dächte 
die Nächte 
und Tagelang, wusste, ach! selber nicht was.

Sie flüstern - wer mag verstehn so gar
Leise 
Weis? -
Flüstern von Bräut'gam und nächstem Jahr.

Das Mägdlein horchet, es rauscht im Baum;
Sehnend, 
Wähnend 
Sinkt es lächelnd in Schlaf und Traum.","집 앞 호두나무가 푸르러져 간다,
향기로이.
싱그러이,
무성한 이파리들이 드리워진다.

사랑스러운 꽃들이 거기 많이 피었지,
보리수엔
바람들이
불어와 나무 주위에 고이 감싸고 돌고,

꽃들은 둘씩 짝지어 끼리끼리 속닥거린다.
기울이고
구부려가며
입맞추려고 머리를 귀엽게 까닥여가며.

꽃들은 속닥거린다, 어떤 소녀가
생각에 잠겨
여러 밤낮 동안
아, 저도 뭔지 모르게 하루를 그저 보낸다고.

누가 알겠어, 그렇게 소리 죽여
노래 가락
흥얼거리는데 - 
꽃들은 속닥인다, 신랑과 내년에 있을 일들을

소녀 귀 기울인다, 나무는 바스락대는 소리. 
바라는 듯이,
공상에 잠겨,
미소 지으며, 이내 잠과 꿈 속으로 빠져든다"
29,Op.25,7,Myrten,미르텐,Die Lotosblume,연꽃,Robert Alexander Schumann,로베르트 알렉산더 슈만,1810,1856,,,,,Heinrich Heine,하인리히 하이네,1797,1856,,,,,"Die Lotosblume ängstigt
Sich vor der Sonne Pracht
Und mit gesenktem Haupte
Erwartet sie träumend die Nacht.

Der Mond, der ist ihr Buhle
Er weckt sie mit seinem Licht,
Und ihm entschleiert sie freundlich
Ihr frommes Blumengesicht,

Sie blüht und glüht und leuchtet
Und starret stumm in die Höh';
Sie duftet und weinet und zittert
Vor Liebe und Liebesweh.","연꽃은 겁이 난다
태양의 화려함이.
고개를 밑으로 숙이고는
꿈꾸며 밤을 기다린다.

달, 그게 바로 연꽃의 애인.
그가 월광으로 연꽃을 깨우면,
연꽃은 친근하게 베일 벗어
그 경건한 꽃얼굴을 보여준다

그녀는 활짝 피고, 타오르고, 반짝인다
공중에 말없이 눈을 떼지 못한다.
향기를 토하고, 눈물 흘리고, 몸서리 친다.
사랑, 그리고 사랑의 아픔에"
30,Op.25,24,Myrten,미르텐,Du bist wie eine Blume,그대는 한 송이 꽃과 같이,Robert Alexander Schumann,로베르트 알렉산더 슈만,1810,1856,,,,,Heinrich Heine,하인리히 하이네,1797,1856,,,,,"Du bist wie eine Blume
So hold und schön und rein;
Ich schau’ dich an, und Wehmut
Schleicht mir ins Herz hinein.

Mir ist, als ob ich die Hände
Aufs Haupt dir legen sollt’,
Betend, daß Gott dich erhalte
So rein und schön und hold.","그대는 한 송이 꽃과 같이
그렇게 사랑스럽고 아름답고 순결하군요;
나 그대를 바라보오면, 애수
애수가 내 마음 슬그머니 들어옵니다.

당신의 머리 위로 손을 올려놓고,
그렇게 기도하는 것처럼 느껴지어요.
하나님이 당신을 보호하셔서 그렇게 
순결하고 아름답고 사랑스럽게 해 주시기를!"
31,Op.39,5,,,Mondnacht,달밤,Robert Alexander Schumann,로베르트 알렉산더 슈만,1810,1856,,,,,Josef von Eichendorff,요제프 폰 아이헨도르프,1788,1857,,,,,"Es war, als hätt' der Himmel,
Die Erde still geküßt,
Daß sie im Blütenschimmer
Von ihm nun träumen müßt.

Die Luft ging durch die Felder,
Die Ähren wogten sacht,
Es rauschten leis die Wälder,
So sternklar war die Nacht.

Und meine Seele spannte
Weit ihre Flügel aus,
Flog durch die stillen Lande,
Als flöge sie nach Haus.","하늘이 땅에게 가만히
입을 맞춘 것만 같았다,
그래서 땅은 아른거리는 꽃빛 옷을 입고,
지금은 하늘 꿈을 꾸고 있나 보다.

바람은 들판들을 가로질러 갔고,
이삭들은 슬며시 술렁이었고, 
나직히 솨아 거리는 건 숲,
그렇게 별이 총총한 건 밤.

이윽고 나의 영혼이 날개를 
멀리 좍 펼치고, 
그 고요한 나라들을 지나 
집에 가는 양 그렇게 날아갔다."
32,Op.49,1,,,Die beiden Grenadiere,두 사람의 척탄병,Robert Alexander Schumann,로베르트 알렉산더 슈만,1810,1856,,,,,Heinrich Heine,하인리히 하이네,1797,1856,,,,,"Nach Frankreich zogen zwei Grenadier,
Die waren in Rußland gefangen.
Und als sie kamen ins deutsche Quartier, 
Sie ließen die Köpfe hangen.

Da hörten sie beide die traurige Mär:
Daß Frankreich verloren gegangen,
Besiegt und geschlagen das tapfere* Heer
Und der Kaiser, der Kaiser gefangen.

Da weinten zusammen die Grenadier
Wohl ob der kläglichen Kunde.
Der eine sprach: »Wie weh wird mir,
Wie brennt meine alte Wunde!«

Der andre sprach: »Das Lied ist aus,
Auch ich möcht mit dir sterben,
Doch hab ich Weib und Kind zu Haus,
Die ohne mich verderben.«

»Was schert mich Weib, was schert mich Kind,
Ich trage weit besser* Verlangen;
Laß sie betteln gehn, wenn sie hungrig sind -
Mein Kaiser, mein Kaiser gefangen!

Gewähr mir, Bruder, eine Bitt:
Wenn ich jetzt sterben werde,
So nimm meine Leiche nach Frankreich mit,
Begrab mich in Frankreichs Erde.

Das Ehrenkreuz am roten Band
Sollst du aufs Herz mir legen;
Die Flinte gib mir in die Hand,
Und gürt mir um den Degen.

So will ich liegen und horchen still,
Wie eine Schildwach, im Grabe,
Bis einst ich höre Kanonengebrüll
Und wiehernder Rosse Getrabe.

Dann reitet mein Kaiser wohl über mein Grab,
Viel Schwerter klirren und blitzen;
Dann steig ich gewaffnet hervor aus dem Grab -
Den Kaiser, den Kaiser zu schützen!«","프랑스를 향하여 척탄병 두 사람이 가고 있었다,
그들은 러시아에서 사로잡혔었는데
독일군 병영에 도착했을 때
고개를 떨구고야 말았다.

거기서 둘은 비극적인 소식을 들은 것이었다.
프랑스가 패망했다고. 
용맹한 군대는 박살 나고, 퇴각했으며,
게다가 황제가, 황제가 사로잡혔다고.

그 때 그 척탄병들은 함께 울었다.
실로 그 비통한 통보로 인해.
그 중 한 사람이 입을 열어, “정말 아프다,
오래된 상처에서 불이 나는 것 같군.”

다른 이가 말했다. “혁명가는 이제 끝이 났다네.
나 역시 너와 함께 죽고 싶다만, 
내게는 마누라도 있고 자식도 있어, 
나 없이는 굶어 죽을 거야.”

“마누라가 무슨 상관이야, 자식은 또 뭐야!
훨씬 더 차원 높은 걸 난 갈망한다구!
배고프면 구걸해서 먹고 살라고 해 - 
황제께서, 황제께서 잡히셨다니까!

이보게 전우, 내 청 한 가지만 들어주게. 
이 몸이 이제 죽게 되면, 
내 시체를 수습해서 프랑스로 가져가 다오,
프랑스의 흙 속에다 날 묻어주게나.

붉은 허리띠에 있는 명예화관은
내 가슴 위에 놓아두고, 
총대는 내 손아귀에 쥐어두고,
검은 허리춤에다 채워 주어야 해. 
 
그렇게 나는 누워서 가만히 듣고 있겠네,
초소 근위병처럼 무덤에서.
언젠가 내 대포 포효하는 소리 
히힝대는 말들 떠그덕 발굽 소리 들릴 때까지.

곧 나의 황제께서 실로 내 무덤 위, 말 달리시면, 
많은 칼들 쨍강이고, 불꽃 튀기면
그러면 나 무장하고 무덤 밖으로 솟아 나와
황제를, 황제를 경호하려네!"
33,Op.57,,,,Beltsazar,벨사살,Robert Alexander Schumann,로베르트 알렉산더 슈만,1810,1856,,,,,Heinrich Heine,하인리히 하이네,1797,1856,,,,,"Die Mitternacht zog näher schon;
In stummer Ruh' lag Babylon.

Nur oben in des Königs Schloß,
Da flackert's, da lärmt des Königs Troß.

Dort oben in dem Königsaal,
Belsatzar hielt sein Königsmahl.

Die Knechte saßen in schimmernden Reihn,
Und leerten die Becher mit funkelndem Wein.

Es klirrten die Becher, es jauchzten die Knecht';
So klang es dem störrigen Könige recht.

Des Königs Wangen leuchten Glut;
Im Wein erwuchs ihm kecker Mut.

Und blindlings reißt der Mut ihn fort;
Und er lästert die Gottheit mit sündigem Wort.

Und er brüstet sich frech und lästert wild;
Die Knechtenschar ihm Beifall brüllt.

Der König rief mit stolzem Blick;
Der Diener eilt und kehrt zurück.

Er trug viel gülden Gerät auf dem Haupt;
Das war aus dem Tempel Jehovas geraubt.

Und der König ergriff mit frevler Hand
Einen heiligen Becher, gefüllt bis am Rand.

Und er leert ihn hastig bis auf den Grund
Und rufet laut mit schäumendem Mund:

«Jehova! dir künd' ich auf ewig Hohn -
Ich bin der König von Babylon!»

Doch kaum das grause Wort verklang,
Dem König ward's heimlich im Busen bang.

Das gellende Lachen verstummte zumal;
Es wurde leichenstill im Saal.

Und sieh! und sieh! an weißer Wand
Da kam's hervor wie Menschenhand;

Und schrieb, und schrieb an weißer Wand
Buchstaben von Feuer, und schrieb und schwand.

Der König stieren Blicks da saß,
Mit schlotternden Knien und totenblaß.

Die Knechtenschar saß kalt durchgraut,
Und saß gar still, gab keinen Laut.

Die Magier kamen, doch keiner verstand
Zu deuten die Flammenschrift an der Wand.

Belsazar ward aber in selbiger Nacht
Von seinen Knechten umgebracht.","한밤은 벌써 가까이 다가왔다
말없는 안식에 누운 바빌론

오직 저 위 왕의 궁성에서만
불빛 깜박이고 왕의 시종들 소란하다

저 위 왕의 연회장, 그 곳에서
벨사살이 왕의 만찬을 베푼 것이다.

희미한 불빛 속 열을 지어 앉은 시종들, 
불꽃 이는 포도주의 잔을 비웠다. 

잔들은 쨍쨍 건배하고, 시종들은 환호성 치고
완고한 제 주인, 왕이나 다름없는 소리였다.

왕의 두 볼은 홍조로 열이 오르고 
포도주에서는 무모한 호기가 자라난다

취기가 그를 닥치는대로 계속 쓸어가고
그리고 그는 신을 죄된 말로 조롱한다, 

뻔뻔스럽게 뻐기면서 거친 욕설을, 
시종의 무리는 포효하며 박수갈채를 

왕이 교만한 눈길로 외쳤다,
하인이 급히 갔다가 곧 돌아온다

그가 머리 위 이고 온 것은 많은 황금빛 기명들
여호와의 성전에서 빼앗아 온 것이었다

이윽고 왕은 욕된 손을 뻗어 붙잡았다,
거룩히 성별된 잔에다 술을 끝까지 채우고는,

단숨에 비운다 바닥까지 그리고는
거품을 문 입으로 큰 소리로 외친다

여호와여! 나는 너를 영원히 비웃겠다 - 
내가 바로 바빌론의 왕이니까!

그러나 그 무서운 말이 다 울리지도 못하여서
왕의 마음은 아무도 모르게 뜨금했다

쩌렁쩌렁 웃음소리 일순간 침묵한다
주검같은 고요가 연회장에 내린다

저것 봐! 저것 봐! 저기 백색 벽에 
사람 손 같은 게 나타났잖아!

쓰고 또 쓰잖아, 저 백색 벽에 
불꽃의 글자잖아, 쓰고 또 사라졌잖아!

왕은 망연자실한 눈길로 거기 앉아 있다.
벌벌 떨리는 무릎에 죽음처럼 창백한 낯빛.

시종의 무리는 차디찬 공포가 휩쓸린 채
아주 조용히 앉아 있다, 소리 하나 없이 

술사들이 왔다, 하지만 이해하지 못했다
벽에 쓴 불꽃의 글자를 해석할 줄 몰랐다 

벨사살은 바로 그 날 밤
그의 시종들에게 죽임을 당했다."
34,Op.90,2,,,Meine Rose,나의 장미,Robert Alexander Schumann,로베르트 알렉산더 슈만,1810,1856,,,,,Nikolaus Lenau,니콜라우스 레나우,1802,1850,,,,,"Dem holden Lenzgeschmeide,
Der Rose, meiner Freude,
Die schon gebeugt und blasser
Vom heißen Strahl der Sonnen,
Reich' ich den Becher Wasser
Aus dunklem tiefem Bronnen.

Du Rose meines Herzens!
Vom stillen Strahl des Schmerzens
Bist du gebeugt und blasser;
Ich möchte dir zu Füßen,
Wie dieser Blume Wasser,
Still meine Seele gießen!
Könnt' ich dann auch nicht sehen
Dich freudig auferstehen.","봄날의 화사한 장식에게
이미 구부러진 채,
따가운 태양의 광선에 말라가는
나의 환희였던 장미에게 
나는 어둡고 깊은 샘을 길어
한 잔의 물을 가져간다네

너 내 마음 속의 장미여!
고요히 내리는 고통의 광선으로 
너도 구부러지고 말라가누나,
너의 발치에 나도 한 번 
이 꽃에게 하듯 물을 - 
가만히 내 영혼을 부어주고 싶다!
설령 나 너의 환희에 찬 
부활을 볼 수 없다 하여도!"
35,Op.98a,1,,,Mignon (Kennst du das Land?),미뇽 (그 나라를 아시지요?),Robert Alexander Schumann,로베르트 알렉산더 슈만,1810,1856,,,,,Johann Wolfgang von Goethe,요한 볼프강 폰 괴테,1749,1832,,,,,"Kennst du das Land, wo die Zitronen blühn,
Im dunkeln Laub die Gold-Orangen glühn,
Ein sanfter Wind vom blauen Himmel weht, 
Die Myrte still und hoch der Lorbeer steht? 
Kennst du es wohl?
Dahin! dahin
Möcht ich mit dir, o mein Geliebter, ziehn.

Kennst du das Haus? Auf Säulen ruht sein Dach.
Es glänzt der Saal, es schimmert das Gemach,
Und Marmorbilder stehn und sehn mich an:
Was hat man dir, du armes Kind, getan?
Kennst du es wohl? 
Dahin! dahin
Möcht ich mit dir, o mein Beschützer, ziehn.

Kennst du den Berg und seinen Wolkensteg?
Das Maultier sucht im Nebel seinen Weg;
In Höhlen wohnt der Drachen alte Brut;
Es stürzt der Fels und über ihn die Flut! 
Kennst du ihn wohl?
Dahin! dahin
Geht unser Weg! O Vater, laß uns ziehn!","그 나라를 아시지요? 레몬꽃이 꽃피고
진녹의 잎사귀 속 금빛 오렌지가 이글대는 곳,
잔잔한 바람 푸르른 하늘에서 불어오고 
은매화는 고요하고, 월계수는 드높은 그 곳.
당신도 잘 아시지요?
그리로, 그리로
당신과 함께, 오 내 사랑이여, 나 가고 싶어요.

그 집을 아시지요? 기둥 위에는 지붕이 쉬고
반짝이는 홀, 광택이 흐르는 방
대리석 입상들이 눈을 맞추고는 
가엾은 얘야, 무슨 일을 당했느냐, 물어주는 곳
당신도 잘 아시지요?
그리로, 그리로
당신과 함께, 오 내 보호자여, 나 가고 싶어요.

그 산을 아시지요? 그 구름 다리도요,
노새가 안개 속에서 제 길을 헤매고
동굴 속에는 태곳적 용의 일족,
천길 낭떠러지 절벽으로 쏟아져 내리는 건 폭포수!
당신도 잘 아시지요?
그리로, 그리로!
우리 길 뻗어 있어요! 오 아버지, 우리 같이 가요!"
36,Op.127,2,,,Dein Angesicht,당신의 얼굴,Robert Alexander Schumann,로베르트 알렉산더 슈만,1810,1856,,,,,Heinrich Heine,하인리히 하이네,1797,1856,,,,,"Dein Angesicht so lieb und schön,
Das hab' ich jüngst im Traum gesehn,
Es ist so mild und engelgleich,
Und doch so bleich, so schmerzenreich.

Und nur die Lippen, die sind rot;
Bald aber küßt sie bleich der Tod.
Erlöschen wird das Himmelslicht,
Das aus den frommen Augen bricht.","당신의 얼굴은 그리도 사랑스럽고 아름다워,
나는 꿈 속에서 벌써 본 적이 있어요.
그렇게나 온화하고 천사 같은데,
또한 납빛에 고통 많은 얼굴이었지요.

오직 입술, 거기만 붉은 빛깔이지만,
곧 죽음이 납빛으로 거기 입 맞추면.
그 경건한 눈망울을 깨치고 나온 천상의 빛 
그만, 꺼져 버리고 말겠지요."
37,Op.10,1,,,Zueignung,헌정,Richard Strauss,리하르트 슈트라우스,1864,1949,,,,,Hermann von Gilm,헤르만 폰 길름,1812,1864,,,,,"Ja, du weißt es, teure Seele,
Daß ich fern von dir mich quäle,
Liebe macht die Herzen krank,
Habe Dank.

Einst hielt ich, der Freiheit Zecher,
Hoch den Amethysten-Becher,
Und du segnetest den Trank,
Habe Dank.

Und beschworst darin die Bösen,
Bis ich, was ich nie gewesen,
Heilig an das Herz dir sank,
Habe Dank.","그래요, 그대는 아시지요, 고귀한 영혼이여,
나 당신께 멀리 있어 고통인 것을
사랑은 마음들을 병들게 하지요.
고마워요!

언젠가 나는 자유를 들이키는 자로서
높이 자수정 술잔을 들었고,
그대는 그 음료를 축복합니다.
고마워요!

그 속에서 그대는 악들을 빼내시는군요,
내가, 한 번도 그런 적 없었던 내가,
거룩하게 당신 마음으로 잠길 때까지!
고마워요!"
38,Op.10,8,,,Allerseelen,만령절,Richard Strauss,리하르트 슈트라우스,1864,1949,,,,,Hermann von Gilm,헤르만 폰 길름,1812,1864,,,,,"Stell auf den Tisch die duftenden Reseden,
  Die letzten roten Astern trag herbei,
Und laß uns wieder von der Liebe reden,
    Wie einst im Mai.

Gib mir die Hand, daß ich sie heimlich drücke
  Und wenn man's sieht, mir ist es einerlei,
Gib mir nur einen deiner süßen Blicke,
    Wie einst im Mai.

Es blüht und duftet heut auf jedem Grabe,
  Ein Tag im Jahre ist ja den Toten frei,
Komm an mein Herz, daß ich dich wieder habe,
    Wie einst im Mai.","묘단 위에 향기 나는 레세다를 꽂아 두어요,
마지막 붉은 과꽃도 이리로 가져 오고요,
그리고 우리 다시 사랑에 대해 이야기 해요, 
언젠가 오월에 그러했듯이.

내게 손을 건네 주어요, 나는 남몰래 잡을 터이요,  
누가 그걸 본다 하여도, 내겐 아무래도 좋소, 
내게 오직 그대의 감미로운 눈길을 보내 주어요
언젠가 오월에 그러했듯이

꽃이 피어나요, 향기가 올라와요, 오늘 온 무덤마다,
일 년에 한 번, 그래요, 죽은 이들이 자유를 얻는 날이지요, 
내 마음에 닿도록 그대여 와요, 나 그대를 다시 안을 수 있게 
언젠가 오월에 그러했듯이"
39,Op.27,4,,,Morgen,내일이면!,Richard Strauss,리하르트 슈트라우스,1864,1949,,,,,John Henry Mackay,존 헨리 마카이,1864,1933,,,,,"Und morgen wird die Sonne wieder scheinen,
Und auf dem Wege, den ich gehen werde,
Wird uns, die Glücklichen, sie wieder einen
Inmitten dieser sonnenatmenden Erde . . .


Und zu dem Strand, dem weiten, wogenblauen,
Werden wir still und langsam niedersteigen,
Stumm werden wir uns in die Augen schauen,
Und auf uns sinkt des Glückes stummes Schweigen. . .","그리고 내일이면 태양이 다시 빛날 것이다,
그리고 내가 걸어갈 그 길 위에서
태양은 우리, 행복한 이들을 다시 하나되게 하리라
태양을 호흡하는 이 대지 한 가운데서. . .

그리고 저 바닷가, 그 드넓고 파도 푸르른 곳으로,
우리는 고요하게, 천천히 내려갈 것이다,
말없이 우리는 서로의 눈동자를 들여다 보리라,
그리고 행복자의 말없는 침묵이 우리들 위로 내리 깔리리라. . ."
40,Op.69,5,,,Schlechtes Wetter,나쁜 날씨,Richard Strauss,리하르트 슈트라우스,1864,1949,,,,,Heinrich Heine,하인리히 하이네,1797,1856,,,,,"Das ist ein schlechtes Wetter,
Es regnet und stürmt und schneit;
Ich sitze am Fenster und schaue
Hinaus in die Dunkelheit.

Da schimmert ein einsames Lichtchen,
Das wandelt langsam fort;
Ein Mütterchen mit dem Laternchen
Wankt über die Straße dort.

Ich glaube, Mehl und Eier
Und Butter kaufte sie ein;
Sie will einen Kuchen backen
Für's große Töchterlein.

Die liegt zu Hause im Lehnstuhl
Und blinzelt schläfrig ins Licht;
Die goldnen Locken wallen
Über das süße Gesicht.","날씨가 나쁘다
비 오고 폭풍우에 눈서리
나는 창가에 앉아 바라본다
바깥 저 어둠을

거기 외로운 빛 조각 하나 가물댄다
천천히 계속 지나간다
등불을 든 키 작은 어머니
거리에 비틀거리고 있다

내 생각에는 밀가루며 계란이며
버터를 사오는 것이겠지
쿠헨을 구우려는 것이겠지 
다 큰 딸 아이를 위해서.

그 딸애는 집에서 팔걸이 의자에 앉아
불빛에 깜박깜박 졸고 있겠지
그 금빛 머리카락이 물결치겠지. 
그 사랑스런 얼굴에 -"
41,WoO 150,3,,,Beim Schlafengehen,잠들러 가는 길에,Richard Strauss,리하르트 슈트라우스,1864,1949,,,,,Hermann Hesse,헤르만 헤세,1877,1962,,,,,"Nun der Tag mich müd gemacht,
soll mein sehnliches Verlangen
freundlich die gestirnte Nacht
wie ein müdes Kind empfangen. 

Hände, laßt von allem Tun,
Stirn, vergiß du alles Denken,
alle meine Sinne nun
wollen sich in Schlummer senken. 

Und die Seele unbewacht
will in freien Flügen schweben,
um im Zauberkreis der Nacht
tief und tausendfach zu leben.","이제 나는 낮에 지쳤다네,
내 그리운 갈망은 이제
별빛 하늘의 밤이 상냥하게 
곤한 아이 품에 안듯 받아주기를

두 손은 그 모든 할 것을 버려두고,
이마는 온갖 생각들을 다 잊어두고
내 감각 전부는 이제 
졸음 속으로 가라앉으려네,

영혼도 깨어 있지 않은 채로
자유로운 나래 펄럭이고 싶네
깊이, 수천겹으로 살아갈
밤, 그 마법의 천구를 날아 돌겠네."
42,,,Goethe-Lieder,괴테 가곡집,Anakreons Grab,아나크레온의 무덤,Hugo Wolf,후고 볼프,1860,1903,,,,,Johann Wolfgang von Goethe,요한 볼프강 폰 괴테,1749,1832,,,,,"Wo die Rose hier blüht,
wo Reben um Lorbeer sich schlingen,
Wo das Turtelchen lockt,
wo sich das Grillchen ergötzt,
Welch ein Grab ist hier,
das alle Götter mit Leben
Schön bepflanzt und geziert?
Es ist Anakreons Ruh.
Frühling, Sommer, und Herbst
genoß der glückliche Dichter;
Vor dem Winter hat ihn endlich
der Hügel geschützt.","여기, 장미가 꽃피고 
포도덩굴 월계수를 휘담아 돌고
비둘기 노랫소리의 매혹,
귀뚜리 똘똘소리 흥겨운,
여기 이 무덤은 누구의 것이길래 
온 신들의 생기로 이리 
곱게 돌보고 또 치장한 걸까? 
그건 아나크레온의 안식처라네 
봄, 여름, 그리고 가을을 
행복한 시인 되어 누리고
겨울 다가오기 전, 이 언덕구릉이 
그를 영원히 보호한 것이라네."
43,,50,Goethe-Lieder,괴테 가곡집,Ganymed,가뉘메트,Hugo Wolf,후고 볼프,1860,1903,,,,,Johann Wolfgang von Goethe,요한 볼프강 폰 괴테,1749,1832,,,,,"Wie im Morgenglanze
Du rings mich anglühst,
Frühling, Geliebter!
Mit tausendfacher Liebeswonne
Sich an mein Herze* drängt
Deiner ewigen Wärme Heilig Gefühl,
Unendliche Schöne!

Daß ich dich fassen möcht'
In diesen Arm!

Ach, an deinem Busen
Lieg' ich und schmachte,
Und deine Blumen, dein Gras
Drängen sich an mein Herz.
Du kühlst den brennenden
Durst meines Busens,
Lieblicher Morgenwind!
Ruft drein die Nachtigall
Liebend nach mir aus dem Nebeltal.

Ich komm', ich komme!
Ach, wohin? wohin?
Hinauf! strebt's hinauf!
Es schweben die Wolken
Abwärts, die Wolken
Neigen sich der sehnenden Liebe.
Mir! Mir!
In eurem Schosse
Aufwärts!
Umfangend umfangen!
Aufwärts an deinen Busen,
Alliebender Vater!","아침 노을 비춰오는데
내 주위를 그대 붉게 물들이듯
봄이여, 연인이여!
천 겹 사랑의 희열로 
그대가 내 마음에 밀려들어요!
그 영원히 온기의 거룩한 감정이여.
그 끝없는 아름다움이여!

내 당신을 이 품에 
꼭 안고 싶어요!

아, 당신의 가슴에 누워
그리워 애태우니
당신의 꽃들, 당신의 풀도
내 가슴으로 밀려옵니다
내 가슴의 타는 목마름을
다정히 식혀주는 건,
그대, 사랑스러운 봄바람, 
꾀꼬리는 그 속에 나를 향한 노래 
실어 보냅니다, 사랑하며, 안개의 계곡에서

나도 가겠어요, 같이 가겠어요!
아, 어디로? 어디로?
저 위로, 가겠어요! 저 위로 
구름들이 떠돌아 흐르고
아래로, 구름들이
그리워하는 사랑에게로 몸을 기울여요!
나에게로, 나에게로!
이제 너희 구름들 품 안에서
위로!
아름 안으며 아름 안긴 채!
위로, 당신의 가슴으로,
만물을 사랑하는 아버지께!"
44,,1,Italienisches Liederbuch,,Auch kleine Dinge können uns entzücken,자그만 것들이 우릴 황홀케 하고,Hugo Wolf,후고 볼프,1860,1903,,,,,Paul Heyse,파울 하이제,1830,1914,,,,,"Auch kleine Dinge können uns entzücken,
Auch kleine Dinge können teuer sein.
Bedenkt, wie gern wir uns mit Perlen schmücken;
Sie werden schwer bezahlt und sind nur klein.
Bedenkt, wie klein ist die Olivenfrucht,
Und wird um ihre Güte doch gesucht.
Denkt an die Rose nur, wie klein sie ist,
Und duftet doch so lieblich, wie ihr wißt.","자그만 것들이 우릴 황홀케 하고
자그만 것들도 값질 수 있다네 
우린 모두 진주로 치장하고 싶어하잖아
값은 무거운데 크기는 정말 작잖아 
올리브 열매는 또 얼마나 작아?
그래도 우린 그 덕을 늘 보고 살잖아. 
장미만도 그렇다네, 참 작기도 작지.
그래도 그 향기 사랑스러워, 모두들 알듯이!"
45,,1,Mörike-Lieder,뫼리케 가곡집,Der Genesene an die Hoffnung,회복 중인 환자가 희망에게,Hugo Wolf,후고 볼프,1860,1903,,,,,Eduard Mörike,에두아르트 뫼리케,1804,1875,,,,,"Tödtlich graute mir der Morgen:
Doch schon lag mein Haupt, wie süß!
Hoffnung, dir im Schoß verborgen,
bis der Sieg gewonnen hieß,
bis der Sieg gewonnen hieß.

Opfer bracht' ich allen Göttern,
Doch vergessen warest du;
Seitwärts von den ew'gen Rettern
Sahest du dem Feste zu.

O, vergieb, du Vielgetreue!
Tritt aus deinem Dämmerlicht,
Daß ich dir in's ewig neue,
Mondenhelle Angesicht

Einmal schaue, recht von Herzen,
Wie ein Kind und sonder Harm;
Ach, nur Einmal ohne Schmerzen
schließe mich in deinen Arm!","아침은 내게 죽을만치 두려웠건만 – 
내 머리 여전히 편안하게 누인 채 
희망이여, 그대 품 안에 숨어 있구나
승리를 얻었노라 할 때까지
승리를 얻었노라 할 때까지.

모든 신들에게 다 희생을 바쳤건만 – 
그대에게만은 잊었구나 
영원한 구원자들 그 곁에서
그대는 축제 모습을 지켜 보고 있었구나

오 용서해다오, 그대 신실한 이여,
어스름 빛에서 나와 모습을 보여다오,
그대 영원히 새로운 달빛 얼굴을
나도 한 번 볼 수 있도록!

보여다오, 진정한 마음으로, 
어린아이처럼, 슬픔 없이,
아, 딱 한 번만 고통 없이 
나를 안아다오, 그대의 품 속에!"
46,,6,Mörike-Lieder,뫼리케 가곡집,Er ist's!,봄이 왔다!,Hugo Wolf,후고 볼프,1860,1903,,,,,Eduard Mörike,에두아르트 뫼리케,1804,1875,,,,,"Frühling läßt sein blaues Band
Wieder flattern durch die Lüfte;
Süße, wohlbekannte Düfte
Streifen ahnungsvoll das Land.
Veilchen träumen schon,
Wollen balde kommen.
Horch, von fern ein leiser Harfenton!
Frühling, ja du bist’s!
Dich hab’ ich vernommen!","봄은 그 푸르른 리본을 풀어놓아
바람결 다시 하늘거리게 해;
달콤하고 반가운 향내
예감에 사로잡혀 땅을 스다듬어.
제비꽃들은 벌써 꿈을 꾸며
곧 피어나기를 바라는데.
들어봐, 멀리서 잔잔히 들려오는 저 하프 소리!
봄이구나, 그래 너로구나!
네가 오는 소리를 나 들은 거로구나!"
47,,10,Mörike-Lieder,뫼리케 가곡집,Fußreise,도보여행,Hugo Wolf,후고 볼프,1860,1903,,,,,Eduard Mörike,에두아르트 뫼리케,1804,1875,,,,,"Am frischgeschnittnen Wanderstab,
Wenn ich in der Frühe
So durch Wälder ziehe,
Hügel auf und ab:

Dann, wie's Vöglein im Laube
Singet und sich rührt,
Oder wie die gold'ne Traube
Wonnegeister spürt 
In der ersten Morgensonne:

So fühlt auch mein alter, lieber
Adam Herbst und Frühlingsfieber,
Gottbeherzte,
Nie verscherzte
Erstlings Paradiseswonne.

Also bist du nicht so schlimm, o alter
Adam, wie die strengen Lehrer sagen;
Liebst und lobst du immer doch,
Singst und preisest immer noch,
Wie an ewig neuen Schöpfungstagen,
Deinen lieben Schöpfer und Erhalter.

Möcht' es dieser geben 
Und mein ganzes Leben
Wär' im leichten Wanderschweiße
Eine solche Morgenreise!","갓 깎아 만든 지팡이 짚고 
이른 아침 숲 속을
그렇게 거닐며 언덕배기
오르고 또 내릴 때면은

이파리 앉은 작은 새
지저귀고 또 움직거리듯
혹 황금빛 포도송이 
아침 해 그 첫 빛살에서
희열의 혼을 예감하듯이 

그렇게 느꼈으리라 친근한 나의 옛
아담도, 가을과 봄날의 열기를
신처럼 꺼림 없고 
결코 가벼이 지나칠 수 없을
첫 사람의 그 천상 기쁨을

엄격한 교사들이 말하듯
그렇게 나쁘지는 않았구나, 그대 옛 아담이여,
그래도 늘 사랑에 찬미하고
여전히 늘 노래하고 송축하니 
매일이 영원한 새 창조의 날인 양
그대 사랑하는 창조주, 보호자께로구나!

주는 나 역시 깨닫길 원하시겠네 
내 온 삶의 여정 또한 
땀방울 겨우 맺힐만한 
가벼운 아침 산책인 것을!"
48,,12,Mörike-Lieder,뫼리케 가곡집,Verborgenheit,은둔,Hugo Wolf,후고 볼프,1860,1903,,,,,Eduard Mörike,에두아르트 뫼리케,1804,1875,,,,,"Laß, o Welt, o laß mich sein!
Locket nicht mit Liebesgaben,
Laßt dies Herz alleine haben
Seine Wonne, seine Pein!

Was ich traure, weiß ich nicht,
Es ist unbekanntes Wehe;
Immerdar durch Tränen sehe
Ich der Sonne liebes Licht.

Oft bin ich mir kaum bewußt,
Und die helle Freude zücket
Durch die Schwere, so mich drücket,
Wonniglich in meiner Brust.

Laß, o Welt, o laß mich sein!
Locket nicht mit Liebesgaben,
Laßt dies Herz alleine haben
Seine Wonne, seine Pein!","두어라, 오 세상아, 날 버려두어라!
사랑의 꺼리들 엮어 유혹지 말고 
이 내 마음 그저 가만 두어라
기쁨이며 고통 혼자 감당하도록 – 

무에 그리 슬픈지 나는 모르니 
알 길 없는 애통이구나 
햇살 그 사랑스런 빛도
늘 흐린 눈물 너머로 보이는구나 

가끔은 거의 의식도 못하는구나 
밝은 환희 날 압박하던 
삶의 무게를 피해 
즐거이 내 맘에 모습 드러내어도 –

두어라, 오 세상아, 날 버려두어라!
사랑의 꺼리들 엮어 유혹지 말고 
이 내 마음 그저 가만 두어라
기쁨이며 고통 혼자 담아둘 테니 –"
49,,30,Mörike-Lieder,뫼리케 가곡집,Neue Liebe,새로운 사랑,Hugo Wolf,후고 볼프,1860,1903,,,,,Eduard Mörike,에두아르트 뫼리케,1804,1875,,,,,"Kann auch ein Mensch des andern auf der Erde ganz,
Wie er möchte, sein?
In langer Nacht bedacht' ich mir's,
Und mußte sagen, nein!
So kann ich Niemands heißen auf der Erde,
Und Niemand wäre mein?
Aus Finsternißen hell in mir
aufzückt ein Freudenschein:
Sollt' ich mit Gott nicht können sein,
So wie ich möchte, mein und Dein?
Was hielte mich, daß ich's nicht heute werde?
Ein süßes Schrecken geht durch mein Gebein!
Mich wundert, daß es mir ein Wunder wollte sein,
Gott selbst zu eigen haben auf der Erde!","다른 이에게 소원대로 세상 전부가 되어 주는 일이
사람에게 정말 가능한 것일까?
오랜 밤 동안 깊이 그것을 생각했는데
말 할 수 밖에 없다, 불가능 하다고!
나에게는 그렇다 말할 이가 세상에 없는데,
그러면 내게는 아무도 없다는 말인가?
그 때 내 마음 속 흑암으로부터 
밝게 번쩍이는 기쁨의 섬광 하나. 
하나님과 함께라도 될 수 없는 일일까?
소원대로, 나는 당신의 것, 당신은 나의 하나님 되시는!
무엇이 날 막아 오늘처럼 되지 못하게 하는 것일까?
달콤한 전율이 내 사지를 통해 흘러간다!
놀랍구나, 내게는 기적이리라 싶었기에 
하나님 자신이 이 세상에서 내 것 되어 주시다니!"
50,,31,Mörike-Lieder,뫼리케 가곡집,Wo find' ich Trost,어디서 나 위로를 얻겠는가,Hugo Wolf,후고 볼프,1860,1903,,,,,Eduard Mörike,에두아르트 뫼리케,1804,1875,,,,,"Eine Liebe kenn ich, die ist treu, 
War getreu, solang ich sie gefunden,
Hat mit tiefem Seufzen immer neu,
Stets versöhnlich, sich mit mir verbunden.

Welcher einst mit himmlischem Gedulden
Bitter bittern Todestropfen trank,
Hing am Kreuz und büßte mein Verschulden,
Bis es in ein Meer von Gnade sank.

Und was ist's nun, daß ich traurig bin,
Daß ich angstvoll mich am Boden winde?
Frage: Hüter, ist die Nacht bald hin?
Und: was rettet mich von Tod und Sünde?

Arges Herze! Ja gesteh' es nur,
Du hast wieder böse Lust empfangen;
Frommer Liebe, frommer Treue Spur,
Ach, das ist auf lange nun vergangen.

Ja, daß ist's auch, daß ich traurig bin,
Daß ich angstvoll mich am Boden winde!
Hüter, Hüter, ist die Nacht bald hin?
Und was rettet mich von Tod und Sünde?","어떤 사랑 하나 아네, 지금도 진실하고
만난 뒤로부터 언제나 신실했었네,
그 사랑 깊은 한숨으로 늘 새로워지고
항상 온화하게 내게로 연합하네.

언젠가 천상의 오래 참음으로 
쓰디 쓴 죽음의 물방울을 쓰라리게 마신 이,
십자가 달린 채 나의 죄를 씻으셨네,
나의 죄짐 은혜의 바다 속에 가라앉을 때까지 

그런데 이제 내가 슬픈 건 또 왜인가?
왜 두려워하며 바닥에 몸부림 치는가?
여쭙는 말, 보혜사여, 밤이 곧 지나 가겠습니까?
그리고 죽음과 죄에서 누가 나를 구해 줄까요?

악한 마음이여, 그래, 그저 고백하거라,
너 다시 나쁜 욕심에 사로잡혔다고
믿음 어린 사랑과 충성의 흔적이
오래 되어 이제는 아, 쇠하였구나.

그래, 그것이 바로 내가 슬퍼하고 
두려워하며 바닥을 뒹구는 이유로구나!
보혜사여, 보혜사여, 밤이 곧 지나 가겠습니까?
죽음과 죄에서 내가 구원 받겠습니까?"
